Top_N,Precision,Recall,F1_Score,Patient_Count
1,0.481707,0.410569,0.433169,492
2,0.319756,0.513238,0.382790,491
3,0.227023,0.539438,0.310654,486
4,0.175311,0.551867,0.259079,482
5,0.141372,0.553708,0.219609,481
