Top_N,Precision,Recall,F1_Score,Patient_Count
1,0.947896,0.301800,0.434501,499
2,0.893788,0.549022,0.642387,499
3,0.807229,0.701773,0.708447,498
4,0.722892,0.797294,0.716166,498
5,0.649799,0.863680,0.701560,498
